City_ID,City,Country,Date,Lat,Lng,Max Temp,Humidity,Cloudiness,Wind Speed
0,Laguna,US,2022-07-17 22:24:10,38.421,-121.4238,108.32,21,0,8.05
1,Chaoyang,CN,2022-07-17 22:24:11,41.5703,120.4586,67.86,85,0,4.52
2,San Cristobal,VE,2022-07-17 22:24:11,7.7669,-72.225,78.98,68,48,4.85
3,Bredasdorp,ZA,2022-07-17 22:24:11,-34.5322,20.0403,53.22,87,0,4.25
4,Richards Bay,ZA,2022-07-17 22:24:12,-28.783,32.0377,65.19,87,0,9.82
5,Nyaunglebin,MM,2022-07-17 22:24:13,17.95,96.7333,76.3,95,86,2.37
6,Suntar,RU,2022-07-17 22:24:13,62.1444,117.6319,56.61,94,100,2.98
7,Farmington,US,2022-07-17 22:21:18,36.7281,-108.2187,101.77,13,0,10.36
8,Oranjemund,NA,2022-07-17 22:24:14,-28.55,16.4333,57.6,82,0,5.75
9,Busselton,AU,2022-07-17 22:24:15,-33.65,115.3333,54.19,91,99,14.41
10,Albany,US,2022-07-17 22:24:15,42.6001,-73.9662,88.63,50,99,1.01
11,Priyutovo,RU,2022-07-17 22:24:15,53.9,53.9333,63.01,82,86,3.06
12,Chuy,UY,2022-07-17 22:24:16,-33.6971,-53.4616,44.87,81,0,6.82
13,Fortuna,US,2022-07-17 22:24:16,40.5982,-124.1573,69.85,71,6,5.99
14,Saldanha,ZA,2022-07-17 22:24:17,-33.0117,17.9442,50.05,92,0,8.28
15,Vaini,TO,2022-07-17 22:24:17,-21.2,-175.2,77.16,88,75,9.22
16,Rikitea,PF,2022-07-17 22:24:18,-23.1203,-134.9692,73.17,81,89,13.47
17,Escarcega,MX,2022-07-17 22:23:21,18.6089,-90.7454,94.64,35,100,6.26
18,Khatanga,RU,2022-07-17 22:24:16,71.9667,102.5,58.5,60,100,4.63
19,Kon Tum,VN,2022-07-17 22:24:20,14.35,108.0,71.82,99,100,1.81
20,Touros,BR,2022-07-17 22:24:21,-5.1989,-35.4608,77.38,78,58,15.64
21,Quimper,FR,2022-07-17 22:24:21,48.0,-4.1,73.98,56,0,5.75
22,Mataura,NZ,2022-07-17 22:24:22,-46.1927,168.8643,53.47,57,98,12.55
23,Avarua,CK,2022-07-17 22:24:22,-21.2078,-159.775,73.45,83,100,5.75
24,Barrow,US,2022-07-17 22:24:23,71.2906,-156.7887,41.02,87,100,14.97
25,Pevek,RU,2022-07-17 22:24:24,69.7008,170.3133,31.71,92,100,29.62
26,Salym,RU,2022-07-17 22:24:24,60.0625,71.4789,54.09,84,12,5.19
27,Kupang,ID,2022-07-17 22:24:25,-10.1667,123.5833,70.66,79,26,8.1
28,Santa Maria,BR,2022-07-17 22:24:25,-29.6842,-53.8069,49.3,87,75,0.0
29,Port Alfred,ZA,2022-07-17 22:24:26,-33.5906,26.891,68.94,36,0,12.08
30,Colares,PT,2022-07-17 22:24:26,38.7992,-9.4469,71.29,73,20,14.0
31,Nikolskoye,RU,2022-07-17 22:24:26,59.7035,30.7861,55.29,96,100,5.08
32,Atuona,PF,2022-07-17 22:20:16,-9.8,-139.0333,77.97,78,11,19.82
33,Launceston,AU,2022-07-17 22:24:27,-41.45,147.1667,40.64,65,75,5.75
34,Punta Arenas,CL,2022-07-17 22:24:28,-53.15,-70.9167,35.71,80,0,20.71
35,Yellowknife,CA,2022-07-17 22:24:28,62.456,-114.3525,63.12,82,100,11.5
36,Bluff,NZ,2022-07-17 22:24:29,-46.6,168.3333,53.8,64,100,20.62
37,Ushuaia,AR,2022-07-17 22:22:29,-54.8,-68.3,40.66,48,20,9.22
38,Tiksi,RU,2022-07-17 22:24:30,71.6872,128.8694,39.16,73,100,5.75
39,Northam,GB,2022-07-17 22:24:30,51.0333,-4.2167,68.61,45,69,7.94
40,Kakching,IN,2022-07-17 22:24:31,24.4833,93.9833,70.2,99,97,1.88
41,Hervey Bay,AU,2022-07-17 22:25:31,-25.2986,152.8535,58.01,92,67,14.0
42,Hambantota,LK,2022-07-17 22:25:32,6.1241,81.1185,79.92,79,100,15.9
43,Santa Isabel Do Rio Negro,BR,2022-07-17 22:25:32,-0.4139,-65.0192,82.35,73,51,2.89
44,Cape Town,ZA,2022-07-17 22:25:33,-33.9258,18.4232,58.26,88,75,9.22
45,Morant Bay,JM,2022-07-17 22:25:33,17.8815,-76.4093,89.22,73,62,14.16
46,Abu Kamal,SY,2022-07-17 22:25:33,34.4506,40.9171,90.03,21,0,9.01
47,Ribeira Grande,PT,2022-07-17 22:24:21,38.5167,-28.7,72.36,91,6,6.44
48,Novosokolniki,RU,2022-07-17 22:25:34,56.3463,30.1578,51.46,94,94,5.19
49,Natitingou,BJ,2022-07-17 22:25:34,10.3042,1.3796,70.77,96,95,3.51
50,Port-Gentil,GA,2022-07-17 22:25:35,-0.7193,8.7815,75.16,83,75,6.91
51,Ust-Uda,RU,2022-07-17 22:25:35,54.1742,103.0304,53.06,95,85,2.82
52,Severo-Kurilsk,RU,2022-07-17 22:23:59,50.6789,156.125,55.76,93,100,2.37
53,Sozimskiy,RU,2022-07-17 22:25:36,59.7418,52.2482,56.68,74,2,3.36
54,Hermanus,ZA,2022-07-17 22:25:37,-34.4187,19.2345,52.81,82,0,8.12
55,Damghan,IR,2022-07-17 22:25:37,36.1683,54.348,79.56,35,0,2.86
56,East London,ZA,2022-07-17 22:23:03,-33.0153,27.9116,68.38,32,0,7.87
57,Haines Junction,CA,2022-07-17 22:25:38,60.7522,-137.5108,62.55,51,96,5.75
58,Beringovskiy,RU,2022-07-17 22:25:39,63.05,179.3167,46.71,48,12,23.44
59,Puerto Ayora,EC,2022-07-17 22:25:39,-0.7393,-90.3518,76.96,92,66,5.99
60,Chokurdakh,RU,2022-07-17 22:25:40,70.6333,147.9167,47.91,57,8,11.79
61,Upington,ZA,2022-07-17 22:25:40,-28.4478,21.2561,52.18,58,0,8.05
62,Kapaa,US,2022-07-17 22:25:40,22.0752,-159.319,85.98,76,100,16.11
63,Hilo,US,2022-07-17 22:25:41,19.7297,-155.09,92.28,74,100,13.8
64,Havoysund,NO,2022-07-17 22:25:41,70.9963,24.6622,52.03,84,63,4.9
65,Hobart,AU,2022-07-17 22:25:10,-42.8794,147.3294,37.26,84,40,10.36
66,Esperance,AU,2022-07-17 22:24:18,-33.8667,121.9,53.44,94,100,15.43
67,Bardiyah,LY,2022-07-17 22:25:42,31.7561,25.0865,78.37,67,0,11.65
68,Zyryanka,RU,2022-07-17 22:25:43,65.75,150.85,58.71,47,66,2.26
69,Algiers,DZ,2022-07-17 22:25:43,36.7525,3.042,71.42,88,20,3.44
70,Butaritari,KI,2022-07-17 22:25:44,3.0707,172.7902,81.86,74,75,11.59
71,Sonoita,MX,2022-07-17 22:25:44,31.85,-112.8333,100.35,28,56,13.31
72,Kisiwani,TZ,2022-07-17 22:25:45,-4.1333,37.95,65.71,78,87,2.93
73,Faanui,PF,2022-07-17 22:25:45,-16.4833,-151.75,77.29,68,83,16.64
74,Kawalu,ID,2022-07-17 22:25:45,-7.3817,108.2082,71.76,96,100,1.61
75,Shenjiamen,CN,2022-07-17 22:25:46,29.9576,122.298,77.38,95,100,8.75
76,New Norfolk,AU,2022-07-17 22:25:46,-42.7826,147.0587,36.91,82,88,4.41
77,Mar Del Plata,AR,2022-07-17 22:25:47,-38.0023,-57.5575,55.09,51,0,18.41
78,Peachtree City,US,2022-07-17 22:25:47,33.3968,-84.5958,92.17,53,40,8.05
79,Ayorou,NE,2022-07-17 22:25:47,14.7308,0.9174,88.43,47,82,9.78
80,Kitami,JP,2022-07-17 22:25:48,43.8031,143.8908,70.29,89,50,4.47
81,Sur,OM,2022-07-17 22:25:49,22.5667,59.5289,86.36,69,100,8.99
82,Ostrovnoy,RU,2022-07-17 22:25:49,68.0531,39.5131,55.27,78,74,9.17
83,Kaeo,NZ,2022-07-17 22:25:49,-35.1,173.7833,52.32,95,100,7.4
84,Kaitangata,NZ,2022-07-17 22:26:50,-46.2817,169.8464,51.1,72,88,6.31
85,Mangan,IN,2022-07-17 22:26:50,27.5167,88.5333,76.39,92,88,1.25
86,Nanortalik,GL,2022-07-17 22:26:51,60.1432,-45.2371,43.05,87,94,12.33
87,Yumen,CN,2022-07-17 22:26:51,40.2833,97.2,72.86,35,100,15.03
88,Sinnamary,GF,2022-07-17 22:26:51,5.3833,-52.95,78.69,81,85,6.15
89,Coswig,DE,2022-07-17 22:26:52,51.1333,13.5833,62.01,56,0,3.44
90,Glenwood Springs,US,2022-07-17 22:26:52,39.5505,-107.3248,97.72,21,40,0.0
91,Mangrol,IN,2022-07-17 22:26:53,21.1167,70.1167,80.55,83,100,17.0
92,Caernarfon,GB,2022-07-17 22:26:53,53.1413,-4.2702,69.53,58,98,10.36
93,Lavrentiya,RU,2022-07-17 22:26:54,65.5833,-171.0,48.33,93,100,7.81
94,Ahipara,NZ,2022-07-17 22:26:54,-35.1667,173.1667,53.65,76,98,6.53
95,Hamilton,US,2022-07-17 22:26:30,39.1834,-84.5333,74.93,94,100,6.91
96,Pasni,PK,2022-07-17 22:26:55,25.2631,63.471,85.19,82,98,18.43
97,Noyabrsk,RU,2022-07-17 22:26:55,63.1994,75.4507,54.37,74,59,10.51
98,Aktash,RU,2022-07-17 22:26:56,50.3,87.7333,42.73,92,85,4.07
99,Kavieng,PG,2022-07-17 22:26:56,-2.5744,150.7967,82.58,79,56,13.76
100,Den Helder,NL,2022-07-17 22:26:57,52.9599,4.7593,67.98,89,75,1.14
101,La Rioja,ES,2022-07-17 22:26:57,42.25,-2.5,73.18,25,6,7.45
102,Kununurra,AU,2022-07-17 22:26:57,-15.7667,128.7333,49.98,87,4,2.3
103,Narsaq,GL,2022-07-17 22:26:58,60.9167,-46.05,57.42,75,93,4.54
104,Tautira,PF,2022-07-17 22:26:58,-17.7333,-149.15,75.25,72,46,13.0
105,Orikum,AL,2022-07-17 22:26:59,40.3253,19.4714,80.11,55,3,7.43
106,Upernavik,GL,2022-07-17 22:26:59,72.7868,-56.1549,40.89,90,26,14.32
107,Smithers,CA,2022-07-17 22:24:45,54.7804,-127.1743,68.32,52,75,2.3
108,Huarmey,PE,2022-07-17 22:27:00,-10.0681,-78.1522,65.3,76,1,11.16
109,Prince Rupert,CA,2022-07-17 22:27:00,54.3161,-130.3201,58.69,79,100,4.61
110,Valparaiso,CL,2022-07-17 22:27:01,-33.0393,-71.6273,56.84,59,0,10.36
111,Baberu,IN,2022-07-17 22:27:01,25.55,80.7167,90.55,54,46,13.09
112,Bairiki,KI,2022-07-17 22:27:02,1.3292,172.9752,84.2,79,40,8.05
113,Port Elizabeth,ZA,2022-07-17 22:27:02,-33.918,25.5701,74.1,28,0,9.22
114,Manokwari,ID,2022-07-17 22:27:02,-0.8667,134.0833,76.46,81,100,3.44
115,Kangaatsiaq,GL,2022-07-17 22:27:03,68.3065,-53.4641,40.98,92,80,5.53
116,Okhotsk,RU,2022-07-17 22:27:03,59.3833,143.3,59.65,86,78,3.6
117,Kaffrine,SN,2022-07-17 22:27:03,14.1059,-15.5508,81.28,61,55,15.19
118,La Ronge,CA,2022-07-17 22:27:04,55.1001,-105.2842,79.05,31,75,13.8
119,Konyshevka,RU,2022-07-17 22:27:04,51.8418,35.2941,52.07,96,63,2.64
120,Port Hedland,AU,2022-07-17 22:27:05,-20.3167,118.5667,53.65,62,3,3.44
121,Senneterre,CA,2022-07-17 22:27:05,48.3835,-77.2328,81.3,40,65,5.19
122,Marquette,US,2022-07-17 22:27:06,46.5333,-87.6335,78.24,75,54,3.74
123,Atasu,KZ,2022-07-17 22:27:06,48.6814,71.6433,66.85,55,0,7.2
124,Tasiilaq,GL,2022-07-17 22:26:59,65.6145,-37.6368,48.36,78,70,5.57
125,El Chol,GT,2022-07-17 22:27:07,14.9642,-90.4806,81.5,66,73,4.14
126,Sola,VU,2022-07-17 22:27:08,-13.8833,167.55,79.47,89,75,5.75
127,Ronse,BE,2022-07-17 22:27:08,50.7505,3.6049,69.93,65,48,7.56
128,Kirakira,SB,2022-07-17 22:27:10,-10.4544,161.9205,81.21,80,67,10.04
129,Ilulissat,GL,2022-07-17 22:27:10,69.2167,-51.1,55.42,47,31,3.44
130,Xuddur,SO,2022-07-17 22:28:11,4.1213,43.8894,71.22,70,20,20.96
131,Jamestown,US,2022-07-17 22:24:32,42.097,-79.2353,72.99,85,75,4.61
132,Meulaboh,ID,2022-07-17 22:28:11,4.1363,96.1285,76.28,91,81,2.91
133,Coquimbo,CL,2022-07-17 22:27:47,-29.9533,-71.3436,56.93,71,0,9.22
134,Mimongo,GA,2022-07-17 22:28:12,-1.6195,11.6068,70.29,78,61,4.29
135,San Fernando,PH,2022-07-17 22:28:12,15.0286,120.6898,80.33,93,91,2.01
136,Nazca,PE,2022-07-17 22:28:13,-14.8333,-74.95,74.61,39,2,5.86
137,Broome,US,2022-07-17 22:28:13,42.2506,-75.833,84.24,57,0,8.05
138,Buta,CD,2022-07-17 22:28:14,2.7858,24.73,70.29,99,57,0.47
139,Talnakh,RU,2022-07-17 22:28:15,69.4865,88.3972,54.21,65,96,0.69
140,Namibe,AO,2022-07-17 22:28:15,-15.1961,12.1522,64.53,83,6,2.53
141,Lashio,MM,2022-07-17 22:28:16,22.9333,97.75,68.72,99,94,1.72
142,Dongdu,CN,2022-07-17 22:28:16,35.85,117.7,72.73,91,29,1.21
143,Sitka,US,2022-07-17 22:28:16,57.0531,-135.33,57.09,82,100,8.05
144,Bengkulu,ID,2022-07-17 22:28:17,-3.8004,102.2655,75.2,87,47,4.61
145,Caxito,AO,2022-07-17 22:28:17,-8.5785,13.6643,66.47,96,38,2.01
146,Nobres,BR,2022-07-17 22:28:18,-14.7203,-56.3275,80.33,45,0,6.55
147,Siirt,TR,2022-07-17 22:28:18,37.9326,41.9403,80.49,20,0,3.83
148,Muros,ES,2022-07-17 22:28:19,42.7762,-9.0603,73.17,93,62,0.81
149,Norman Wells,CA,2022-07-17 22:28:19,65.282,-126.8329,77.04,38,75,8.05
150,Vao,NC,2022-07-17 22:28:20,-22.6667,167.4833,71.53,74,99,20.67
151,Padang,ID,2022-07-17 22:28:20,-0.9492,100.3543,69.85,76,15,4.16
152,Tuatapere,NZ,2022-07-17 22:28:21,-46.1333,167.6833,52.52,83,90,15.64
153,Olafsvik,IS,2022-07-17 22:28:21,64.8945,-23.7142,50.74,86,94,5.03
154,Cherskiy,RU,2022-07-17 22:24:20,68.75,161.3,40.28,55,98,16.35
155,Qaqortoq,GL,2022-07-17 22:28:22,60.7167,-46.0333,45.23,80,88,6.69
156,Saint-Joseph,RE,2022-07-17 22:28:22,-21.3667,55.6167,66.58,75,34,14.92
157,Arraial Do Cabo,BR,2022-07-17 22:28:23,-22.9661,-42.0278,71.46,88,0,6.91
158,Tuktoyaktuk,CA,2022-07-17 22:28:23,69.4541,-133.0374,66.2,59,75,12.66
159,Dalbeattie,GB,2022-07-17 22:28:24,54.9328,-3.8227,68.83,84,100,5.44
160,Santiago De Cao,PE,2022-07-17 22:28:24,-7.9589,-79.2392,62.73,77,3,11.5
161,Ponta Do Sol,PT,2022-07-17 22:28:25,32.6667,-17.1,72.72,83,14,5.91
162,Hasaki,JP,2022-07-17 22:28:25,35.7333,140.8333,79.29,86,99,7.31
163,Gaptsakh,RU,2022-07-17 22:28:25,41.4517,47.9303,66.79,52,0,7.07
164,Airai,TL,2022-07-17 22:28:26,-8.9266,125.4092,52.95,88,39,3.56
165,Grindavik,IS,2022-07-17 22:28:26,63.8424,-22.4338,49.95,93,100,4.61
166,Vila Velha,BR,2022-07-17 22:28:27,-20.3297,-40.2925,75.15,87,0,14.97
167,Dunedin,NZ,2022-07-17 22:27:06,-45.8742,170.5036,56.07,63,100,12.41
168,Souillac,MU,2022-07-17 22:28:27,-20.5167,57.5167,68.38,77,20,14.97
169,Sao Joao Da Barra,BR,2022-07-17 22:28:28,-21.6403,-41.0511,72.82,84,100,20.18
170,Victoria,HK,2022-07-17 22:25:48,22.2855,114.1577,86.38,83,100,10.0
171,Mahebourg,MU,2022-07-17 22:28:28,-20.4081,57.7,68.29,77,20,14.97
172,Gariaband,IN,2022-07-17 22:28:29,20.635,82.0614,74.98,95,100,5.23
173,Stokmarknes,NO,2022-07-17 22:28:29,68.5646,14.9108,49.98,81,100,2.3
174,Karratha,AU,2022-07-17 22:28:30,-20.7377,116.8463,64.65,53,2,6.85
175,Klaksvik,FO,2022-07-17 22:28:30,62.2266,-6.589,50.92,88,99,21.83
176,Henties Bay,NA,2022-07-17 22:28:30,-22.116,14.2845,63.77,57,11,5.86
177,Champerico,GT,2022-07-17 22:28:31,14.3,-91.9167,90.14,73,49,5.95
178,Honningsvag,NO,2022-07-17 22:29:31,70.9821,25.9704,51.55,87,100,0.0
179,Nkan,GA,2022-07-17 22:29:32,0.3833,9.7833,73.17,82,29,3.58
180,Klyuchi,RU,2022-07-17 22:29:32,52.2667,79.1667,57.36,74,79,8.16
181,Provideniya,RU,2022-07-17 22:29:33,64.3833,-173.3,50.36,81,75,18.01
182,Rawson,AR,2022-07-17 22:29:33,-43.3002,-65.1023,47.3,55,31,13.69
183,San Patricio,US,2022-07-17 22:29:33,28.017,-97.5169,97.18,42,77,15.43
184,Luleburgaz,TR,2022-07-17 22:29:34,41.4039,27.3592,69.13,68,0,6.49
185,Shugurovo,RU,2022-07-17 22:29:34,54.5083,52.1326,61.56,75,53,2.21
186,Rognan,NO,2022-07-17 22:29:35,67.0953,15.3878,50.76,67,85,3.18
187,Iqaluit,CA,2022-07-17 22:29:35,63.7506,-68.5145,42.53,93,75,9.22
188,Saint-Philippe,RE,2022-07-17 22:29:36,-21.3585,55.7679,67.59,77,57,13.51
189,Sulangan,PH,2022-07-17 22:29:36,11.1373,123.7228,79.05,85,100,9.89
190,Saskylakh,RU,2022-07-17 22:28:17,71.9167,114.0833,49.32,50,97,9.4
191,Kouroussa,GN,2022-07-17 22:29:37,10.65,-9.8833,73.35,96,100,7.27
192,Kamyshin,RU,2022-07-17 22:29:37,50.0983,45.416,70.45,59,0,4.94
193,College,US,2022-07-17 22:29:38,64.8569,-147.8028,66.18,48,75,3.44
194,Svay Rieng,KH,2022-07-17 22:29:38,11.0879,105.7993,76.87,90,61,4.34
195,Heinola,FI,2022-07-17 22:29:39,61.2056,26.0381,48.99,89,94,6.44
196,Luderitz,NA,2022-07-17 22:29:39,-26.6481,15.1594,62.15,59,1,7.58
197,Arlit,NE,2022-07-17 22:29:40,18.7369,7.3853,94.42,29,73,9.31
198,Rehoboth,NA,2022-07-17 22:29:40,-23.3167,17.0833,53.06,34,5,6.93
199,Fairbanks,US,2022-07-17 22:26:43,64.8378,-147.7164,66.2,48,20,3.44
200,Poronaysk,RU,2022-07-17 22:29:41,49.2167,143.1167,54.37,97,100,16.42
201,Zhuhai,CN,2022-07-17 22:29:41,22.2769,113.5678,85.86,89,40,12.66
202,Dunmore Town,BS,2022-07-17 22:29:41,25.5,-76.65,82.72,79,73,14.9
203,Alta Floresta,BR,2022-07-17 22:29:42,-9.8756,-56.0861,83.12,28,1,4.41
204,Kajaani,FI,2022-07-17 22:29:42,64.2273,27.7285,55.45,94,20,2.3
205,Sept-Iles,CA,2022-07-17 22:28:58,50.2001,-66.3821,78.8,53,75,4.61
206,Umm Kaddadah,SD,2022-07-17 22:29:43,13.6017,26.6876,87.73,43,69,15.39
207,High Level,CA,2022-07-17 22:29:44,58.5169,-117.136,78.91,41,75,5.75
208,Batsfjord,NO,2022-07-17 22:29:44,70.6345,29.7185,51.73,93,100,10.36
209,Alofi,NU,2022-07-17 22:29:44,-19.0595,-169.9187,78.69,73,1,18.41
210,Kidal,ML,2022-07-17 22:29:45,18.4411,1.4078,90.66,38,9,10.42
211,Sumy,UA,2022-07-17 22:29:45,50.9216,34.8003,52.11,94,32,5.93
212,Portland,US,2022-07-17 22:28:38,45.5234,-122.6762,77.9,45,75,9.22
213,Tynda,RU,2022-07-17 22:29:46,55.1667,124.7167,65.32,92,6,1.9
214,Bhawana,PK,2022-07-17 22:29:46,31.5692,72.649,84.56,67,17,2.15
215,Banda Aceh,ID,2022-07-17 22:29:47,5.5577,95.3222,79.12,83,85,5.48
216,Katakwi,UG,2022-07-17 22:29:47,1.8911,33.9661,66.99,86,86,2.66
217,Buala,SB,2022-07-17 22:29:48,-8.145,159.5921,82.65,75,34,10.76
218,Ekangala,ZA,2022-07-17 22:29:48,-25.6962,28.7492,48.27,56,0,2.01
219,Kahului,US,2022-07-17 22:29:49,20.8947,-156.47,86.97,69,20,24.16
220,Aswan,EG,2022-07-17 22:29:49,24.0934,32.907,88.9,16,0,10.36
221,Vanimo,PG,2022-07-17 22:29:50,-2.6741,141.3028,77.0,85,100,2.86
222,Thompson,CA,2022-07-17 22:26:38,55.7435,-97.8558,80.76,47,75,10.36
223,Eureka,US,2022-07-17 22:28:32,40.8021,-124.1637,81.68,75,10,8.99
224,Imbituba,BR,2022-07-17 22:30:51,-28.24,-48.6703,58.08,85,100,3.0
225,Winnemucca,US,2022-07-17 22:30:51,40.973,-117.7357,100.45,12,0,9.22
226,Katsuura,JP,2022-07-17 22:30:52,35.1333,140.3,80.19,81,100,13.15
227,Kano,NG,2022-07-17 22:30:52,12.0001,8.5167,72.57,84,99,6.11
228,Ascension,US,2022-07-17 22:30:52,30.2169,-90.9001,93.2,67,40,0.0
229,Heihe,CN,2022-07-17 22:30:53,50.2441,127.4902,64.98,79,90,4.47
230,Castro,BR,2022-07-17 22:30:53,-24.7911,-50.0119,61.72,90,100,2.55
231,Antofagasta,CL,2022-07-17 22:30:54,-23.65,-70.4,56.48,83,3,5.91
232,Saint George,US,2022-07-17 22:28:51,37.1041,-113.5841,108.63,16,0,13.8
233,Caravelas,BR,2022-07-17 22:30:54,-17.7125,-39.2481,71.92,85,5,6.15
234,Kodiak,US,2022-07-17 22:26:16,57.79,-152.4072,62.11,59,100,6.91
235,Carnarvon,AU,2022-07-17 22:30:55,-24.8667,113.6333,57.27,94,40,5.75
236,San Carlos De Bariloche,AR,2022-07-17 22:30:07,-41.1456,-71.3082,35.24,100,100,13.8
237,Hithadhoo,MV,2022-07-17 22:30:56,-0.6,73.0833,79.07,78,100,20.94
238,Cidreira,BR,2022-07-17 22:30:56,-30.1811,-50.2056,52.0,75,13,7.85
239,Bilibino,RU,2022-07-17 22:30:56,68.0546,166.4372,36.1,61,99,21.9
240,Saint-Pierre,RE,2022-07-17 22:30:57,-21.3393,55.4781,67.68,67,75,19.57
241,Bubaque,GW,2022-07-17 22:30:57,11.2833,-15.8333,80.4,85,100,13.85
242,Georgetown,MY,2022-07-17 22:30:58,5.4112,100.3354,82.89,92,20,0.0
243,Kirovskiy,RU,2022-07-17 22:30:58,45.0917,133.5136,62.6,92,99,3.6
244,Brejo Da Madre De Deus,BR,2022-07-17 22:30:58,-8.1458,-36.3711,63.34,94,66,8.46
245,Eufaula,US,2022-07-17 22:30:59,31.8913,-85.1455,91.44,40,0,3.44
246,Pauini,BR,2022-07-17 22:30:59,-7.7136,-66.9764,75.76,86,91,2.93
247,Mount Darwin,ZW,2022-07-17 22:31:00,-16.7725,31.5838,58.53,64,100,4.29
248,Bandundu,CD,2022-07-17 22:31:00,-3.3167,17.3667,82.44,45,92,2.55
249,Opelousas,US,2022-07-17 22:26:37,30.5335,-92.0815,87.82,70,0,10.36
250,Salantai,LT,2022-07-17 22:31:01,56.0667,21.5667,60.3,94,55,7.11
251,Lisakovsk,KZ,2022-07-17 22:31:01,52.5369,62.4936,66.9,75,100,7.56
252,Husavik,IS,2022-07-17 22:31:02,66.0449,-17.3389,46.33,91,99,4.41
253,Naryan-Mar,RU,2022-07-17 22:31:02,67.6713,53.087,58.68,87,99,3.29
254,Bethanien,NA,2022-07-17 22:31:03,-26.502,17.1583,57.78,29,1,7.85
255,Zambezi,ZM,2022-07-17 22:31:03,-13.5432,23.1047,52.9,45,2,7.09
256,China,MX,2022-07-17 22:31:04,25.7,-99.2333,101.5,20,3,20.89
257,Cap Malheureux,MU,2022-07-17 22:31:04,-19.9842,57.6142,68.47,68,65,3.0
258,Marawi,PH,2022-07-17 22:31:05,7.9986,124.2928,71.01,93,100,2.77
259,Pacific Grove,US,2022-07-17 22:26:35,36.6177,-121.9166,80.24,81,0,12.66
260,Udalguri,IN,2022-07-17 22:31:05,26.7667,92.1333,78.98,90,99,2.21
261,Waipawa,NZ,2022-07-17 22:31:06,-41.4122,175.5153,53.13,74,93,18.68
262,Sorland,NO,2022-07-17 22:31:06,67.667,12.6934,51.66,89,98,22.24
263,Maniitsoq,GL,2022-07-17 22:31:07,65.4167,-52.9,42.67,95,100,17.69
264,Micheweni,TZ,2022-07-17 22:31:07,-4.9667,39.8333,75.07,77,57,11.79
265,Bethel,US,2022-07-17 22:31:08,41.3712,-73.414,83.35,67,0,6.91
266,Kruisfontein,ZA,2022-07-17 22:31:08,-34.0033,24.7314,70.88,42,1,8.68
267,Phichit,TH,2022-07-17 22:31:09,16.25,100.4167,79.03,83,64,1.68
268,Sibiti,CG,2022-07-17 22:31:09,-3.6819,13.3499,66.31,84,21,2.93
269,Lamu,KE,2022-07-17 22:31:10,-2.2717,40.902,75.42,78,6,16.82
270,Kerema,PG,2022-07-17 22:31:10,-7.9631,145.7785,79.18,79,83,6.08
271,Bulawayo,ZW,2022-07-17 22:32:11,-20.15,28.5833,47.55,94,2,9.1
272,Hami,CN,2022-07-17 22:32:11,42.8,93.45,78.58,25,19,3.89
273,Taltal,CL,2022-07-17 22:32:12,-25.4,-70.4833,60.89,65,16,5.48
274,Clyde River,CA,2022-07-17 22:32:12,70.4692,-68.5914,34.03,93,100,14.97
275,Constitucion,CL,2022-07-17 22:32:13,-35.3333,-72.4167,49.69,93,100,6.31
276,Akdepe,TM,2022-07-17 22:32:13,42.0551,59.3788,80.69,24,0,8.84
277,Tongren,CN,2022-07-17 22:32:13,27.7172,109.1853,77.11,98,97,2.55
278,Zhanaozen,KZ,2022-07-17 22:32:14,43.3,52.8,89.02,23,0,9.01
279,Vysokogornyy,RU,2022-07-17 22:32:14,50.1167,139.15,53.46,98,100,2.91
280,Dikson,RU,2022-07-17 22:32:14,73.5069,80.5464,43.99,79,17,8.39
281,Navalgund,IN,2022-07-17 22:32:15,15.5667,75.3667,72.48,88,100,14.92
282,Changji,CN,2022-07-17 22:32:15,44.0167,87.3167,83.19,26,0,17.9
283,Ust-Ilimsk,RU,2022-07-17 22:32:15,58.0006,102.6619,55.56,85,80,3.58
284,Baltoji Voke,LT,2022-07-17 22:32:16,54.6,25.2,55.85,88,75,5.75
285,Rincon,US,2022-07-17 22:32:16,32.296,-81.2354,84.16,69,75,6.91
286,Kavaratti,IN,2022-07-17 22:32:16,10.5669,72.642,81.7,76,100,19.73
287,Bambous Virieux,MU,2022-07-17 22:32:17,-20.3428,57.7575,68.25,77,20,14.97
288,Humberto De Campos,BR,2022-07-17 22:32:17,-2.5983,-43.4611,76.78,85,18,6.69
289,Saryozek,KZ,2022-07-17 22:32:17,44.3583,77.9753,67.14,39,0,2.59
290,Roseburg,US,2022-07-17 22:32:18,43.2165,-123.3417,81.18,43,0,6.91
291,Makakilo City,US,2022-07-17 22:32:18,21.3469,-158.0858,88.12,60,20,20.71
292,Blackfoot,US,2022-07-17 22:32:19,43.1905,-112.345,100.06,28,91,18.32
293,Constantine,DZ,2022-07-17 22:32:19,36.365,6.6147,78.21,38,0,4.61
294,Port Moresby,PG,2022-07-17 22:32:19,-9.4431,147.1797,76.42,94,40,3.44
295,Los Llanos De Aridane,ES,2022-07-17 22:32:20,28.6585,-17.9182,69.55,91,0,16.11
296,Sao Sebastiao,BR,2022-07-17 22:31:14,-23.76,-45.4097,67.62,94,100,3.98
297,Ewo,CG,2022-07-17 22:32:20,-0.8725,14.8206,78.39,60,45,4.18
298,Margate,GB,2022-07-17 22:32:21,51.3813,1.3862,65.7,79,32,1.01
299,Ust-Kuyga,RU,2022-07-17 22:32:22,70.0167,135.6,53.69,50,94,2.68
300,Takaka,NZ,2022-07-17 22:32:22,-40.85,172.8,57.56,79,90,13.31
301,Bantogon,PH,2022-07-17 22:32:22,6.5333,124.0333,77.18,85,99,0.31
302,Saint-Louis,SN,2022-07-17 22:32:23,16.3333,-15.0,80.51,64,18,16.64
303,Lebu,CL,2022-07-17 22:30:25,-37.6167,-73.65,47.1,76,39,13.2
304,San Quintin,MX,2022-07-17 22:32:24,30.4833,-115.95,73.62,67,9,9.73
305,Salalah,OM,2022-07-17 22:32:24,17.0151,54.0924,78.89,89,100,6.91
306,Erenhot,CN,2022-07-17 22:32:24,43.6475,111.9767,70.12,29,3,2.77
307,Lagoa,PT,2022-07-17 22:30:40,39.05,-27.9833,70.63,93,0,9.6
308,Balkanabat,TM,2022-07-17 22:31:02,39.5108,54.3671,89.4,29,0,9.98
309,Nome,US,2022-07-17 22:32:25,64.5011,-165.4064,57.16,71,20,11.5
310,Torbay,CA,2022-07-17 22:32:26,47.6666,-52.7314,74.17,49,75,13.8
311,Shelburne,CA,2022-07-17 22:30:28,44.0787,-80.2041,80.29,58,96,6.35
312,Flinders,AU,2022-07-17 22:32:26,-34.5833,150.8552,53.38,61,4,10.0
313,Vila Do Maio,CV,2022-07-17 22:32:27,15.1333,-23.2167,75.99,80,38,20.29
314,Pa Sang,TH,2022-07-17 22:32:27,18.5262,98.9394,79.79,88,90,3.29
315,Ternate,ID,2022-07-17 22:32:28,0.8,127.4,78.57,84,100,5.3
316,Vangaindrano,MG,2022-07-17 22:32:28,-23.35,47.6,65.71,86,80,6.49
317,Mana,GF,2022-07-17 22:32:28,5.6592,-53.7767,78.39,84,89,7.23
318,Sokoni,TZ,2022-07-17 22:33:29,-6.4333,39.55,75.47,79,78,16.02
319,Bijar,IR,2022-07-17 22:33:29,35.8668,47.6051,67.84,34,0,4.43
320,Tari,NG,2022-07-17 22:33:30,12.4086,4.4914,77.41,81,99,9.33
321,Sangar,RU,2022-07-17 22:33:30,63.9242,127.4739,69.44,91,100,7.11
322,Garbagnate Milanese,IT,2022-07-17 22:33:31,45.5765,9.0717,84.31,56,22,3.0
323,North Platte,US,2022-07-17 22:33:31,41.1239,-100.7654,94.89,34,0,12.66
324,Broken Hill,AU,2022-07-17 22:33:31,-31.95,141.4333,45.43,68,3,6.53
325,Salto,UY,2022-07-17 22:33:32,-31.3833,-57.9667,47.88,81,0,7.0
326,Chimbote,PE,2022-07-17 22:33:32,-9.0853,-78.5783,63.34,80,2,10.67
327,Alyangula,AU,2022-07-17 22:33:33,-13.8483,136.4192,71.55,75,48,9.17
328,Fare,PF,2022-07-17 22:33:33,-16.7,-151.0167,76.86,69,72,14.99
329,Bitlis,TR,2022-07-17 22:33:33,38.5,42.25,65.23,28,0,4.27
330,Berlevag,NO,2022-07-17 22:33:34,70.8578,29.0864,51.8,93,100,6.91
331,Bolshoy Lug,RU,2022-07-17 22:33:34,52.0779,104.0919,51.98,77,38,5.06
332,Sale,MA,2022-07-17 22:33:35,34.0389,-6.8166,74.08,83,75,6.91
333,Tondano,ID,2022-07-17 22:33:35,1.3038,124.9112,66.29,95,100,0.67
334,Necochea,AR,2022-07-17 22:33:35,-38.5473,-58.7368,51.78,43,65,14.94
335,Qaanaaq,GL,2022-07-17 22:33:36,77.484,-69.3632,46.47,62,98,3.29
336,Ancud,CL,2022-07-17 22:33:36,-41.8697,-73.8203,41.23,76,43,10.31
337,Maputo,MZ,2022-07-17 22:33:37,-25.9653,32.5892,65.23,89,0,2.33
338,Umm Lajj,SA,2022-07-17 22:33:37,25.0213,37.2685,84.25,58,72,6.55
339,Ust-Tsilma,RU,2022-07-17 22:33:38,65.441,52.1498,62.2,85,96,2.55
340,Kailua,US,2022-07-17 22:33:38,21.4022,-157.7394,89.58,87,100,10.36
341,Nishihara,JP,2022-07-17 22:33:39,26.1842,127.7558,84.25,89,100,17.27
342,Kuching,MY,2022-07-17 22:33:39,1.55,110.3333,75.42,94,20,0.0
343,Nizhniy Chir,RU,2022-07-17 22:33:40,48.3597,43.0865,73.85,51,10,2.35
344,Geraldton,AU,2022-07-17 22:33:40,-28.7667,114.6,55.81,94,40,9.22
345,Harper,LR,2022-07-17 22:33:42,4.375,-7.7169,75.6,79,99,11.68
346,Te Anau,NZ,2022-07-17 22:30:27,-45.4167,167.7167,52.02,81,100,13.96
347,Doha,QA,2022-07-17 22:33:42,25.2867,51.5333,95.31,67,57,2.3
348,Mbigou,GA,2022-07-17 22:33:43,-1.9005,11.906,65.53,88,86,2.86
349,Lompoc,US,2022-07-17 22:33:43,34.6391,-120.4579,80.85,65,0,13.8
350,Cayenne,GF,2022-07-17 22:30:07,4.9333,-52.3333,83.08,1,0,5.75
351,Xiongzhou,CN,2022-07-17 22:33:44,25.1167,114.3,80.74,90,100,3.6
352,Thrissur,IN,2022-07-17 22:33:44,10.5167,76.2167,75.18,94,99,0.69
353,Veraval,IN,2022-07-17 22:33:45,20.9,70.3667,80.64,83,94,16.53
354,Hay River,CA,2022-07-17 22:31:40,60.8156,-115.7999,78.78,41,75,12.66
355,Codrington,AU,2022-07-17 22:33:46,-38.2667,141.9667,48.2,70,99,15.03
356,Belmonte,BR,2022-07-17 22:33:46,-15.8631,-38.8828,72.34,88,22,9.53
357,Basco,PH,2022-07-17 22:33:47,20.4487,121.9702,84.6,78,100,13.42
358,Nouadhibou,MR,2022-07-17 22:33:47,20.931,-17.0347,71.58,83,20,24.16
359,Kismayo,SO,2022-07-17 22:33:48,-0.3582,42.5454,75.31,81,29,20.71
360,Bolivar,US,2022-07-17 22:33:48,37.6145,-93.4105,97.56,47,69,18.32
361,Sattahip,TH,2022-07-17 22:33:48,12.6664,100.9007,85.98,89,20,5.75
362,Sisimiut,GL,2022-07-17 22:33:49,66.9395,-53.6735,44.19,85,97,7.63
363,Edmundston,CA,2022-07-17 22:33:49,47.3737,-68.3251,79.93,38,0,5.75
364,Kondapalle,IN,2022-07-17 22:33:50,16.6167,80.5333,77.32,87,100,9.48
365,Kirensk,RU,2022-07-17 22:33:11,57.7853,108.1119,59.32,88,75,1.01
366,Kyshtovka,RU,2022-07-17 22:34:51,56.555,76.6271,51.24,95,5,7.76
367,Krasnovishersk,RU,2022-07-17 22:32:14,60.4078,57.082,56.55,83,23,1.61
368,Muriwai Beach,NZ,2022-07-17 22:34:51,-36.8167,174.45,52.43,94,68,8.66
369,Seoul,KR,2022-07-17 22:31:13,37.5683,126.9778,76.57,85,75,5.75
370,Manzhouli,CN,2022-07-17 22:34:52,49.6,117.4333,63.39,85,100,7.16
371,Eyl,SO,2022-07-17 22:34:52,7.9803,49.8164,77.63,67,53,30.13
372,Moss Vale,AU,2022-07-17 22:34:53,-34.55,150.3833,45.34,68,61,13.13
373,Ulaangom,MN,2022-07-17 22:34:53,49.9811,92.0667,64.89,52,54,1.36
374,Dingle,PH,2022-07-17 22:34:47,10.9995,122.6711,75.6,92,100,1.41
375,Arvika,SE,2022-07-17 22:34:54,59.6553,12.5852,57.81,83,74,2.35
376,Ivrea,IT,2022-07-17 22:34:55,45.4672,7.8762,83.05,68,1,5.55
377,Makasar,ID,2022-07-17 22:34:55,-5.14,119.4221,73.45,100,20,3.44
378,Bolgatanga,GH,2022-07-17 22:34:55,10.7856,-0.8514,74.52,90,88,4.03
379,Mayumba,GA,2022-07-17 22:34:56,-3.432,10.6554,69.71,89,30,3.09
380,Novaya Igirma,RU,2022-07-17 22:34:56,57.1334,103.9112,55.18,87,40,2.39
381,Penzance,GB,2022-07-17 22:34:56,50.1186,-5.5371,65.08,68,100,12.41
382,Voi,KE,2022-07-17 22:34:57,-3.3945,38.563,66.45,82,27,8.37
383,Beloha,MG,2022-07-17 22:34:57,-25.1667,45.05,61.45,82,0,8.43
384,Changli,CN,2022-07-17 22:34:58,39.7042,119.1506,75.33,79,37,3.89
385,Itaituba,BR,2022-07-17 22:34:58,-4.2761,-55.9836,81.52,57,90,1.36
386,Muravlenko,RU,2022-07-17 22:34:58,63.7898,74.523,57.29,67,48,13.35
387,Krasnofarfornyy,RU,2022-07-17 22:34:59,59.1364,31.8502,52.21,96,100,4.41
388,Ornskoldsvik,SE,2022-07-17 22:34:59,63.2909,18.7153,54.55,82,100,6.91
389,Cockburn Town,TC,2022-07-17 22:35:00,21.4612,-71.1419,82.09,83,0,19.75
390,North Las Vegas,US,2022-07-17 22:32:08,36.1989,-115.1175,111.81,17,0,5.75
391,Corcoran,US,2022-07-17 22:35:00,36.098,-119.5604,109.38,10,0,10.63
392,Teya,RU,2022-07-17 22:35:01,60.3778,92.6267,53.55,95,99,3.98
393,Gorontalo,ID,2022-07-17 22:35:02,0.5412,123.0595,74.62,97,100,2.95
394,Bilma,NE,2022-07-17 22:35:02,18.6853,12.9164,88.52,36,31,3.67
395,Williston,US,2022-07-17 22:35:03,48.147,-103.618,101.03,29,3,5.01
396,Lahaina,US,2022-07-17 22:30:03,20.8783,-156.6825,86.95,84,31,10.74
397,Bud,US,2022-07-17 22:35:04,39.447,-86.1758,74.32,96,100,3.42
398,Durusu,TR,2022-07-17 22:35:04,41.3053,28.6767,75.83,80,1,8.99
399,Quchan,IR,2022-07-17 22:35:05,37.106,58.5095,72.66,20,0,6.96
400,Bergen,NO,2022-07-17 22:35:05,60.392,5.328,58.08,94,100,12.66
401,Muli,MV,2022-07-17 22:35:06,2.9167,73.5667,78.57,89,100,18.61
402,Zhengjiatun,CN,2022-07-17 22:35:06,43.5064,123.5064,71.96,81,46,4.74
403,Maceio,BR,2022-07-17 22:33:52,-9.6658,-35.7353,78.24,78,40,4.61
404,Lac Du Bonnet,CA,2022-07-17 22:35:07,50.2536,-96.0612,88.32,54,2,9.51
405,Pangnirtung,CA,2022-07-17 22:35:07,66.1451,-65.7125,50.76,66,42,1.83
406,Nioaque,BR,2022-07-17 22:35:08,-21.1353,-55.83,65.53,56,100,4.14
407,Mattru,SL,2022-07-17 22:35:08,7.6244,-11.8332,73.56,97,100,4.27
408,Lesnoy,RU,2022-07-17 22:35:09,57.6198,63.0784,57.43,94,50,1.86
409,Red Bluff,US,2022-07-17 22:35:09,40.1785,-122.2358,106.72,6,0,10.92
410,Seydi,TM,2022-07-17 22:35:10,39.4816,62.9137,87.01,14,0,13.09
411,La Libertad,EC,2022-07-17 22:36:10,-2.2333,-80.9,69.46,83,100,9.22
412,Saint-Francois,FR,2022-07-17 22:36:11,46.4154,3.9054,63.68,82,0,3.44
413,Sogne,NO,2022-07-17 22:36:12,58.0833,7.8167,60.66,89,92,3.0
414,Dunyapur,PK,2022-07-17 22:36:13,29.7995,71.7196,85.78,71,37,4.83
415,Longyearbyen,SJ,2022-07-17 22:36:13,78.2186,15.6401,60.64,67,75,5.75
416,Wewak,PG,2022-07-17 22:36:14,-3.5534,143.6268,80.2,82,29,3.96
417,Paamiut,GL,2022-07-17 22:36:14,61.994,-49.6678,43.25,86,100,3.6
418,Havelock,US,2022-07-17 22:36:15,34.8791,-76.9013,87.98,80,20,10.36
419,Emerald,AU,2022-07-17 22:34:03,-23.5333,148.1667,59.34,85,10,3.09
420,Gubbi,IN,2022-07-17 22:36:16,13.3106,76.9444,69.98,87,100,10.58
421,Aripuana,BR,2022-07-17 22:36:16,-9.1667,-60.6333,86.32,39,64,2.13
422,Port Hardy,CA,2022-07-17 22:36:17,50.6996,-127.4199,60.98,77,40,13.8
423,Ponta Delgada,PT,2022-07-17 22:36:17,37.7333,-25.6667,75.51,88,75,2.3
424,Ossora,RU,2022-07-17 22:33:11,59.2353,163.0719,59.25,87,99,3.98
425,Sistranda,NO,2022-07-17 22:36:18,63.7256,8.834,53.56,81,91,19.17
426,Pergamino,AR,2022-07-17 22:34:31,-33.89,-60.5736,48.18,64,78,1.01
427,Najran,SA,2022-07-17 22:36:19,17.4924,44.1277,84.85,33,97,8.03
428,Esna,EG,2022-07-17 22:36:19,25.2934,32.554,87.82,20,55,11.52
429,Magadan,RU,2022-07-17 22:36:20,59.5667,150.8,63.54,89,96,4.79
430,Egvekinot,RU,2022-07-17 22:36:20,66.3167,-179.1667,40.32,36,45,28.63
431,Andra,RU,2022-07-17 22:36:20,62.5147,65.8878,56.46,63,17,2.86
432,Luwuk,ID,2022-07-17 22:36:21,-0.9516,122.7875,73.72,95,100,2.21
433,Tual,ID,2022-07-17 22:36:21,-5.6667,132.75,79.0,76,83,17.92
434,Porto Novo,BJ,2022-07-17 22:36:22,6.4965,2.6036,74.77,87,55,7.9
435,Agadez,NE,2022-07-17 22:36:22,19.75,10.25,90.99,22,5,7.63
436,Pignon,HT,2022-07-17 22:36:23,19.3333,-72.1167,83.3,62,37,3.83
437,Komsomolskiy,UZ,2022-07-17 22:36:23,40.4272,71.7189,79.52,36,0,9.22
438,Korla,CN,2022-07-17 22:36:24,41.7597,86.1469,71.73,36,0,3.56
439,Qianan,CN,2022-07-17 22:36:24,44.9932,124.0581,70.16,86,97,6.8
440,Ahuimanu,US,2022-07-17 22:36:25,21.4447,-157.8378,89.31,83,100,20.71
441,Antalaha,MG,2022-07-17 22:36:25,-14.9003,50.2788,67.33,86,69,8.32
442,Moussoro,TD,2022-07-17 22:36:26,13.6408,16.4901,78.53,74,99,13.24
443,Bretcu,RO,2022-07-17 22:36:26,46.05,26.3,49.91,68,78,3.87
444,Doba,TD,2022-07-17 22:36:26,8.65,16.85,71.56,92,97,4.03
445,Borogontsy,RU,2022-07-17 22:36:27,62.6683,131.1683,79.45,58,73,5.48
446,Kachiry,KZ,2022-07-17 22:36:27,53.0675,76.1036,57.92,76,63,7.83
447,Zhigansk,RU,2022-07-17 22:36:28,66.7697,123.3711,57.29,70,89,11.12
448,Wexford,IE,2022-07-17 22:34:00,52.3342,-6.4575,65.12,90,100,6.71
449,Mildura,AU,2022-07-17 22:36:28,-34.2,142.15,43.07,93,40,7.36
450,Gusau,NG,2022-07-17 22:36:29,12.1628,6.6614,73.92,85,100,6.85
451,Asau,RO,2022-07-17 22:36:30,46.4333,26.4,58.12,68,32,3.67
452,Zaragoza,ES,2022-07-17 22:36:30,41.6561,-0.8773,90.01,43,0,9.22
453,Yerbogachen,RU,2022-07-17 22:36:30,61.2767,108.0108,61.74,74,89,2.64
454,Bayanday,RU,2022-07-17 22:36:31,53.0661,105.5139,56.53,83,9,5.37
455,Wanxian,CN,2022-07-17 22:36:31,30.8039,108.3897,80.13,94,100,2.62
456,Bonthe,SL,2022-07-17 22:36:32,7.5264,-12.505,77.02,87,100,11.88
457,Cabo San Lucas,MX,2022-07-17 22:34:00,22.8909,-109.9124,95.61,41,0,5.01
458,Wajima,JP,2022-07-17 22:37:32,37.4,136.9,77.88,79,81,16.4
459,Waingapu,ID,2022-07-17 22:37:33,-9.6567,120.2641,73.24,82,24,8.52
460,Rawang,MY,2022-07-17 22:33:25,3.3213,101.5767,82.24,92,65,2.13
461,Tiarei,PF,2022-07-17 22:37:33,-17.5333,-149.3333,82.42,72,37,13.53
462,Pacifica,US,2022-07-17 22:37:34,37.6138,-122.4869,86.74,79,20,19.57
463,Port Blair,IN,2022-07-17 22:37:34,11.6667,92.75,81.01,83,100,8.95
464,Gat,IL,2022-07-17 22:37:34,31.61,34.7642,77.68,100,0,1.12
465,Selma,US,2022-07-17 22:37:35,36.5708,-119.6121,111.34,20,0,6.91
466,Lakselv,NO,2022-07-17 22:37:35,70.0513,24.9718,53.42,82,100,11.5
467,Severnyy,RU,2022-07-17 22:37:36,50.677,36.5532,57.24,88,0,4.47
468,Maloy,NO,2022-07-17 22:37:36,61.9353,5.1136,56.93,89,84,20.24
469,Takoradi,GH,2022-07-17 22:37:37,4.8845,-1.7554,74.23,82,65,7.87
470,Severo-Yeniseyskiy,RU,2022-07-17 22:37:37,60.3725,93.0408,51.46,89,88,4.85
471,Lazaro Cardenas,MX,2022-07-17 22:37:37,17.9583,-102.2,85.39,68,77,7.45
472,General Elizardo Aquino,PY,2022-07-17 22:37:38,-24.4333,-56.7,53.96,60,9,4.47
473,Saint Anthony,US,2022-07-17 22:37:38,45.0205,-93.218,92.86,57,75,10.36
474,Shirokiy,RU,2022-07-17 22:37:39,49.758,129.523,66.58,85,100,6.26
475,Havre-Saint-Pierre,CA,2022-07-17 22:37:39,50.2334,-63.5986,64.76,72,0,16.11
476,Brae,GB,2022-07-17 22:37:39,60.3964,-1.353,53.11,88,100,8.5
477,Agadir,MA,2022-07-17 22:35:22,30.4202,-9.5982,72.05,79,4,4.97
478,Noumea,NC,2022-07-17 22:33:30,-22.2763,166.4572,73.99,99,53,10.49
479,Mogadishu,SO,2022-07-17 22:37:40,2.0371,45.3438,75.52,85,48,20.45
480,Pamfila,GR,2022-07-17 22:37:41,39.1567,26.5217,75.09,68,0,12.1
481,Mabaruma,GY,2022-07-17 22:37:41,8.2,-59.7833,77.13,87,49,4.38
482,Puerto Carreno,CO,2022-07-17 22:37:42,6.189,-67.4859,85.98,66,40,10.36
483,Tauramena,CO,2022-07-17 22:37:42,5.0183,-72.7492,72.72,95,82,1.92
484,Vavuniya,LK,2022-07-17 22:37:43,8.7514,80.4971,76.84,88,100,6.35
485,Salina Cruz,MX,2022-07-17 22:37:43,16.1667,-95.2,89.26,58,94,16.08
486,Berdigestyakh,RU,2022-07-17 22:37:43,62.0989,126.6992,79.16,67,68,1.54
487,Grand-Lahou,CI,2022-07-17 22:37:44,5.1367,-5.0242,75.36,85,56,12.37
488,Livenka,RU,2022-07-17 22:37:45,50.4491,38.2959,60.62,78,85,4.65
489,Shiyan,CN,2022-07-17 22:37:45,32.6475,110.7781,80.13,63,97,3.4
490,Hobyo,SO,2022-07-17 22:37:46,5.3505,48.5268,75.92,82,92,29.17
491,Lukovetskiy,RU,2022-07-17 22:37:46,64.2956,41.9211,54.73,92,98,4.36
492,Ati,TD,2022-07-17 22:37:47,13.2154,18.3353,77.27,74,100,12.93
493,Shenzhen,CN,2022-07-17 22:35:50,22.5455,114.0683,88.99,92,100,8.93
494,Nata,PA,2022-07-17 22:37:48,8.3333,-80.5167,84.07,83,98,3.33
495,Vardo,NO,2022-07-17 22:37:48,70.3705,31.1107,51.78,93,75,5.75
496,Aksay,RU,2022-07-17 22:37:49,47.26,39.87,77.25,46,62,8.01
497,San Vicente,AR,2022-07-17 22:36:25,-26.6167,-54.1333,43.48,93,0,3.53
498,Davila,PH,2022-07-17 22:37:49,18.4726,120.5763,76.98,75,95,4.5
499,Port-Cartier,CA,2022-07-17 22:37:50,50.0334,-66.8654,78.48,68,86,1.66
500,Lerwick,GB,2022-07-17 22:34:39,60.1545,-1.1494,53.6,87,100,8.77
501,Coihaique,CL,2022-07-17 22:38:51,-45.5752,-72.0662,35.55,69,75,3.44
502,Monte Alegre De Sergipe,BR,2022-07-17 22:38:51,-10.0272,-37.5622,64.09,91,35,6.29
503,Qasigiannguit,GL,2022-07-17 22:38:52,68.8193,-51.1922,55.65,70,25,9.82
504,Markala,ML,2022-07-17 22:38:52,13.7021,-6.0659,82.4,64,57,6.08
505,High Rock,BS,2022-07-17 22:38:52,26.6208,-78.2833,86.02,74,100,13.78
506,Khash,IR,2022-07-17 22:38:53,28.2211,61.2158,77.77,48,10,3.87
507,Matagami,CA,2022-07-17 22:38:53,49.7502,-77.6328,82.51,39,75,11.5
508,Uarini,BR,2022-07-17 22:38:54,-2.99,-65.1083,80.31,74,99,1.23
509,San Francisco Del Mar,MX,2022-07-17 22:38:54,16.2333,-94.65,87.76,66,99,19.89
510,Simao,CN,2022-07-17 22:38:55,22.7886,100.9748,66.79,99,100,1.92
511,Bouna,CI,2022-07-17 22:38:55,9.2667,-3.0,72.37,91,85,8.21
512,Nuevo Ideal,MX,2022-07-17 22:38:55,24.8875,-105.0728,83.66,21,24,16.17
513,Guerrero Negro,MX,2022-07-17 22:37:58,27.9769,-114.0611,77.49,55,1,15.12
514,Acarau,BR,2022-07-17 22:35:49,-2.8856,-40.12,79.32,80,29,18.61
515,Sabzevar,IR,2022-07-17 22:38:56,36.2126,57.6819,76.28,18,0,11.5
516,Gisborne,NZ,2022-07-17 22:37:20,-38.6533,178.0042,55.87,64,50,13.4
517,Togur,RU,2022-07-17 22:38:57,58.3631,82.8265,53.44,92,94,8.08
518,Barra,BR,2022-07-17 22:38:57,-11.0894,-43.1417,76.28,46,2,10.92
519,Barra Do Garcas,BR,2022-07-17 22:38:58,-15.89,-52.2567,77.65,34,20,1.81
520,Vestmannaeyjar,IS,2022-07-17 22:38:58,63.4427,-20.2734,51.4,89,52,11.43
521,Sao Jose Da Coroa Grande,BR,2022-07-17 22:38:59,-8.8978,-35.1478,74.91,81,67,8.84
522,Vigrestad,NO,2022-07-17 22:38:59,58.5667,5.7,58.96,95,97,6.24
523,Tocopilla,CL,2022-07-17 22:38:59,-22.092,-70.1979,60.76,73,22,7.9
524,Fort Dodge,US,2022-07-17 22:39:00,42.4975,-94.168,84.2,51,20,5.75
525,Port Lincoln,AU,2022-07-17 22:36:11,-34.7333,135.8667,53.01,70,100,5.19
526,Sorong,ID,2022-07-17 22:39:00,-0.8833,131.25,78.22,83,100,3.87
527,Zeya,RU,2022-07-17 22:39:01,53.75,127.2667,70.59,84,17,1.54
528,Brazzaville,CG,2022-07-17 22:39:01,-4.2658,15.2832,77.22,56,31,3.27
529,Kabo,CF,2022-07-17 22:39:02,7.6994,18.629,70.39,97,98,3.49
530,Teluknaga,ID,2022-07-17 22:39:02,-6.0989,106.6381,77.04,94,40,2.3
531,Lorengau,PG,2022-07-17 22:39:03,-2.0226,147.2712,83.03,78,64,10.85
532,Qena,EG,2022-07-17 22:39:03,26.1615,32.7183,85.14,19,29,8.72
533,Rosamorada,MX,2022-07-17 22:39:04,22.1222,-105.2058,90.91,59,62,8.41
534,Houma,US,2022-07-17 22:37:34,29.5958,-90.7195,89.6,62,40,9.22
535,Santa Cruz,BO,2022-07-17 22:39:04,-17.8,-63.1667,59.05,77,75,5.75
536,Mareeba,AU,2022-07-17 22:39:05,-17.0,145.4333,67.48,82,28,3.96
537,Venice,US,2022-07-17 22:39:05,27.0998,-82.4543,89.15,69,0,6.91
538,Bereda,ES,2022-07-17 22:39:06,43.2686,-7.5406,67.14,94,72,0.98
539,Kathmandu,NP,2022-07-17 22:39:02,27.7167,85.3167,73.62,88,75,4.61
540,Yokadouma,CM,2022-07-17 22:39:07,3.5167,15.05,69.51,98,100,2.15
541,Jacmel,HT,2022-07-17 22:39:07,18.2342,-72.5347,96.64,68,14,9.82
542,Aras,ES,2022-07-17 22:39:08,42.5617,-2.356,77.41,41,0,2.3
543,Mahajanga,MG,2022-07-17 22:39:08,-15.7167,46.3167,71.62,60,40,9.22
544,Sioux Lookout,CA,2022-07-17 22:39:09,50.1001,-91.917,86.07,45,75,12.66
545,Buluang,PH,2022-07-17 22:39:09,13.3068,123.3425,79.52,84,100,1.59
546,Adrar,MR,2022-07-17 22:39:09,20.5022,-10.0711,98.62,11,60,9.06
547,Along,IN,2022-07-17 22:39:10,28.1667,94.7667,74.46,98,72,1.28
548,Polyarnyy,RU,2022-07-17 22:40:11,69.1989,33.4478,51.85,97,99,5.66
549,Vista Hermosa,MX,2022-07-17 22:40:11,19.5167,-99.2167,74.59,55,75,13.8
550,Pangkalanbuun,ID,2022-07-17 22:40:12,-2.6833,111.6167,71.8,90,99,2.08
551,Siderno,IT,2022-07-17 22:40:12,38.2779,16.302,81.34,61,0,7.18
552,Aracati,BR,2022-07-17 22:40:13,-4.5617,-37.7697,79.34,75,76,14.32
553,Hinton,CA,2022-07-17 22:40:14,53.4001,-117.5857,74.75,41,20,3.42
554,Chadiza,ZM,2022-07-17 22:40:14,-14.0678,32.4392,55.78,70,83,5.59
555,Gardabani,GE,2022-07-17 22:40:14,41.4605,45.0928,75.29,62,0,7.9
556,Labuhan,ID,2022-07-17 22:40:15,-6.8844,112.2051,75.11,87,96,6.73
557,Tura,IN,2022-07-17 22:40:15,25.5198,90.2201,74.57,95,99,4.41
558,Kasongo-Lunda,CD,2022-07-17 22:40:16,-6.4667,16.8167,76.93,33,46,2.59
559,Mao,ES,2022-07-17 22:40:16,39.8885,4.2658,79.36,73,0,3.44
560,Sohag,EG,2022-07-17 22:40:17,26.557,31.6948,82.69,27,5,8.05
561,Salinopolis,BR,2022-07-17 22:35:22,-0.6136,-47.3561,80.2,80,71,11.59
562,Oktyabrskiy,RU,2022-07-17 22:40:18,54.4815,53.471,65.26,87,100,0.69
563,Lamesa,US,2022-07-17 22:40:18,32.7376,-101.951,101.52,18,100,4.07
564,Rocha,UY,2022-07-17 22:40:19,-34.4833,-54.3333,42.64,77,0,7.4
565,Vaitape,PF,2022-07-17 22:40:19,-16.5167,-151.75,77.31,69,87,16.35
566,Praia,CV,2022-07-17 22:40:20,14.9215,-23.5087,75.74,69,40,10.36
567,Lufilufi,WS,2022-07-17 22:40:20,-13.8745,-171.5986,81.79,77,19,23.09
568,Sao Desiderio,BR,2022-07-17 22:40:21,-12.3633,-44.9733,70.84,38,43,5.95
569,Kongolo,CD,2022-07-17 22:40:21,-5.3833,27.0,79.16,44,96,3.67
570,San Juan,AR,2022-07-17 22:37:01,-31.5375,-68.5364,51.98,24,0,5.26
571,Sharan,RU,2022-07-17 22:40:22,54.8167,54.0,64.35,87,100,2.37
